{
    "$schema": "http://schema.management.azure.com/schemas/2015-01-01/deploymentTemplate.json#",
    "contentVersion": "1.0.0.0",
    "parameters": {
        "factoryName": {
            "type": "string",
            "metadata": "Data Factory name",
            "defaultValue": "adf-udp"
        },
        "adf_ls_storageaccount_UDP_accountKey": {
            "type": "secureString",
            "metadata": "Secure string for 'accountKey' of 'adf_ls_storageaccount_UDP'"
        },
        "adf_ls_databricks_ws_properties_typeProperties_existingClusterId": {
            "type": "string",
            "defaultValue": "0701-040439-w1on6mup"
        },
        "adf_ls_storageaccount_UDP_properties_typeProperties_url": {
            "type": "string",
            "defaultValue": "https://storageaccountudp.dfs.core.windows.net/"
        },
        "adf_trigger_Process_UDP_data_properties_pipeline_parameters_p_process_window_end_date": {
            "type": "string",
            "defaultValue": "@trigger().outputs.windowEndTime"
        }
    },
    "variables": {
        "factoryId": "[concat('Microsoft.DataFactory/factories/', parameters('factoryName'))]"
    },
    "resources": [
        {
            "name": "[concat(parameters('factoryName'), '/pipeline_ingest_data')]",
            "type": "Microsoft.DataFactory/factories/pipelines",
            "apiVersion": "2018-06-01",
            "properties": {
                "activities": [
                    {
                        "name": "Get Source Folder Details",
                        "type": "GetMetadata",
                        "dependsOn": [],
                        "policy": {
                            "timeout": "7.00:00:00",
                            "retry": 0,
                            "retryIntervalInSeconds": 30,
                            "secureOutput": false,
                            "secureInput": false
                        },
                        "userProperties": [],
                        "typeProperties": {
                            "dataset": {
                                "referenceName": "dataset_raw_folder",
                                "type": "DatasetReference",
                                "parameters": {
                                    "p_dataset_window_end_time": {
                                        "value": "@pipeline().parameters.p_window_end_date",
                                        "type": "Expression"
                                    }
                                }
                            },
                            "fieldList": [
                                "exists"
                            ],
                            "storeSettings": {
                                "type": "AzureBlobFSReadSettings",
                                "recursive": true,
                                "enablePartitionDiscovery": false
                            },
                            "formatSettings": {
                                "type": "JsonReadSettings"
                            }
                        }
                    },
                    {
                        "name": "If folder exists",
                        "type": "IfCondition",
                        "dependsOn": [
                            {
                                "activity": "Get Source Folder Details",
                                "dependencyConditions": [
                                    "Succeeded"
                                ]
                            }
                        ],
                        "userProperties": [],
                        "typeProperties": {
                            "expression": {
                                "value": "@activity('Get Source Folder Details').output.exists",
                                "type": "Expression"
                            },
                            "ifTrueActivities": [
                                {
                                    "name": "Ingest Circuits File",
                                    "type": "DatabricksNotebook",
                                    "dependsOn": [],
                                    "policy": {
                                        "timeout": "7.00:00:00",
                                        "retry": 0,
                                        "retryIntervalInSeconds": 30,
                                        "secureOutput": false,
                                        "secureInput": false
                                    },
                                    "userProperties": [],
                                    "typeProperties": {
                                        "notebookPath": "/UDP/ingestion/1.ingest_circuits_file",
                                        "baseParameters": {
                                            "p_data_source": {
                                                "value": "@variables('v_data_source')",
                                                "type": "Expression"
                                            },
                                            "p_file_date": {
                                                "value": "@formatDateTime(pipeline().parameters.p_window_end_date,'yyyy-MM-dd')",
                                                "type": "Expression"
                                            }
                                        }
                                    },
                                    "linkedServiceName": {
                                        "referenceName": "adf_ls_databricks_ws",
                                        "type": "LinkedServiceReference"
                                    }
                                },
                                {
                                    "name": "Ingest Races File",
                                    "type": "DatabricksNotebook",
                                    "dependsOn": [],
                                    "policy": {
                                        "timeout": "7.00:00:00",
                                        "retry": 0,
                                        "retryIntervalInSeconds": 30,
                                        "secureOutput": false,
                                        "secureInput": false
                                    },
                                    "userProperties": [],
                                    "typeProperties": {
                                        "notebookPath": "/UDP/ingestion/2.ingest_races_file",
                                        "baseParameters": {
                                            "p_data_source": {
                                                "value": "@variables('v_data_source')",
                                                "type": "Expression"
                                            },
                                            "p_file_date": {
                                                "value": "@formatDateTime(pipeline().parameters.p_window_end_date,'yyyy-MM-dd')",
                                                "type": "Expression"
                                            }
                                        }
                                    },
                                    "linkedServiceName": {
                                        "referenceName": "adf_ls_databricks_ws",
                                        "type": "LinkedServiceReference"
                                    }
                                },
                                {
                                    "name": "Ingest Constructors File",
                                    "type": "DatabricksNotebook",
                                    "dependsOn": [],
                                    "policy": {
                                        "timeout": "7.00:00:00",
                                        "retry": 0,
                                        "retryIntervalInSeconds": 30,
                                        "secureOutput": false,
                                        "secureInput": false
                                    },
                                    "userProperties": [],
                                    "typeProperties": {
                                        "notebookPath": "/UDP/ingestion/3.ingest_constructors_file",
                                        "baseParameters": {
                                            "p_data_source": {
                                                "value": "@variables('v_data_source')",
                                                "type": "Expression"
                                            },
                                            "p_file_date": {
                                                "value": "@formatDateTime(pipeline().parameters.p_window_end_date,'yyyy-MM-dd')",
                                                "type": "Expression"
                                            }
                                        }
                                    },
                                    "linkedServiceName": {
                                        "referenceName": "adf_ls_databricks_ws",
                                        "type": "LinkedServiceReference"
                                    }
                                },
                                {
                                    "name": "Ingest Drivers file",
                                    "type": "DatabricksNotebook",
                                    "dependsOn": [],
                                    "policy": {
                                        "timeout": "7.00:00:00",
                                        "retry": 0,
                                        "retryIntervalInSeconds": 30,
                                        "secureOutput": false,
                                        "secureInput": false
                                    },
                                    "userProperties": [],
                                    "typeProperties": {
                                        "notebookPath": "/UDP/ingestion/4.ingest_drivers_file",
                                        "baseParameters": {
                                            "p_data_source": {
                                                "value": "@variables('v_data_source')",
                                                "type": "Expression"
                                            },
                                            "p_file_date": {
                                                "value": "@formatDateTime(pipeline().parameters.p_window_end_date,'yyyy-MM-dd')",
                                                "type": "Expression"
                                            }
                                        }
                                    },
                                    "linkedServiceName": {
                                        "referenceName": "adf_ls_databricks_ws",
                                        "type": "LinkedServiceReference"
                                    }
                                },
                                {
                                    "name": "Ingest Results File",
                                    "type": "DatabricksNotebook",
                                    "dependsOn": [],
                                    "policy": {
                                        "timeout": "7.00:00:00",
                                        "retry": 0,
                                        "retryIntervalInSeconds": 30,
                                        "secureOutput": false,
                                        "secureInput": false
                                    },
                                    "userProperties": [],
                                    "typeProperties": {
                                        "notebookPath": "/UDP/ingestion/5.ingest_results_file",
                                        "baseParameters": {
                                            "p_data_source": {
                                                "value": "@variables('v_data_source')",
                                                "type": "Expression"
                                            },
                                            "p_file_date": {
                                                "value": "@formatDateTime(pipeline().parameters.p_window_end_date,'yyyy-MM-dd')",
                                                "type": "Expression"
                                            }
                                        }
                                    },
                                    "linkedServiceName": {
                                        "referenceName": "adf_ls_databricks_ws",
                                        "type": "LinkedServiceReference"
                                    }
                                },
                                {
                                    "name": "Ingest Pit Stops File",
                                    "type": "DatabricksNotebook",
                                    "dependsOn": [],
                                    "policy": {
                                        "timeout": "7.00:00:00",
                                        "retry": 0,
                                        "retryIntervalInSeconds": 30,
                                        "secureOutput": false,
                                        "secureInput": false
                                    },
                                    "userProperties": [],
                                    "typeProperties": {
                                        "notebookPath": "/UDP/ingestion/6.ingest_pit_stops_file",
                                        "baseParameters": {
                                            "p_data_source": {
                                                "value": "@variables('v_data_source')",
                                                "type": "Expression"
                                            },
                                            "p_file_date": {
                                                "value": "@formatDateTime(pipeline().parameters.p_window_end_date,'yyyy-MM-dd')",
                                                "type": "Expression"
                                            }
                                        }
                                    },
                                    "linkedServiceName": {
                                        "referenceName": "adf_ls_databricks_ws",
                                        "type": "LinkedServiceReference"
                                    }
                                },
                                {
                                    "name": "Ingest Lap Times Folder",
                                    "type": "DatabricksNotebook",
                                    "dependsOn": [],
                                    "policy": {
                                        "timeout": "7.00:00:00",
                                        "retry": 0,
                                        "retryIntervalInSeconds": 30,
                                        "secureOutput": false,
                                        "secureInput": false
                                    },
                                    "userProperties": [],
                                    "typeProperties": {
                                        "notebookPath": "/UDP/ingestion/7.ingest_lap_times_folder",
                                        "baseParameters": {
                                            "p_data_source": {
                                                "value": "@variables('v_data_source')",
                                                "type": "Expression"
                                            },
                                            "p_file_date": {
                                                "value": "@formatDateTime(pipeline().parameters.p_window_end_date,'yyyy-MM-dd')",
                                                "type": "Expression"
                                            }
                                        }
                                    },
                                    "linkedServiceName": {
                                        "referenceName": "adf_ls_databricks_ws",
                                        "type": "LinkedServiceReference"
                                    }
                                },
                                {
                                    "name": "Ingest Qualifyng Folder copy",
                                    "type": "DatabricksNotebook",
                                    "dependsOn": [],
                                    "policy": {
                                        "timeout": "7.00:00:00",
                                        "retry": 0,
                                        "retryIntervalInSeconds": 30,
                                        "secureOutput": false,
                                        "secureInput": false
                                    },
                                    "userProperties": [],
                                    "typeProperties": {
                                        "notebookPath": "/UDP/ingestion/8.ingest_qualifying_folder",
                                        "baseParameters": {
                                            "p_data_source": {
                                                "value": "@variables('v_data_source')",
                                                "type": "Expression"
                                            },
                                            "p_file_date": {
                                                "value": "@formatDateTime(pipeline().parameters.p_window_end_date,'yyyy-MM-dd')",
                                                "type": "Expression"
                                            }
                                        }
                                    },
                                    "linkedServiceName": {
                                        "referenceName": "adf_ls_databricks_ws",
                                        "type": "LinkedServiceReference"
                                    }
                                }
                            ]
                        }
                    }
                ],
                "policy": {
                    "elapsedTimeMetric": {},
                    "cancelAfter": {}
                },
                "parameters": {
                    "p_window_end_date": {
                        "type": "string"
                    }
                },
                "variables": {
                    "v_data_source": {
                        "type": "String",
                        "defaultValue": "Ergast"
                    }
                },
                "annotations": []
            },
            "dependsOn": [
                "[concat(variables('factoryId'), '/datasets/dataset_raw_folder')]",
                "[concat(variables('factoryId'), '/linkedServices/adf_ls_databricks_ws')]"
            ]
        },
        {
            "name": "[concat(parameters('factoryName'), '/pipeline_process_data')]",
            "type": "Microsoft.DataFactory/factories/pipelines",
            "apiVersion": "2018-06-01",
            "properties": {
                "activities": [
                    {
                        "name": "Execute Ingestion Pipeline",
                        "type": "ExecutePipeline",
                        "dependsOn": [],
                        "userProperties": [],
                        "typeProperties": {
                            "pipeline": {
                                "referenceName": "pipeline_ingest_data",
                                "type": "PipelineReference"
                            },
                            "waitOnCompletion": true,
                            "parameters": {
                                "p_window_end_date": {
                                    "value": "@pipeline().parameters.p_process_window_end_date",
                                    "type": "Expression"
                                }
                            }
                        }
                    },
                    {
                        "name": "Execute Transformation Pipeline",
                        "type": "ExecutePipeline",
                        "dependsOn": [
                            {
                                "activity": "Execute Ingestion Pipeline",
                                "dependencyConditions": [
                                    "Succeeded"
                                ]
                            }
                        ],
                        "userProperties": [],
                        "typeProperties": {
                            "pipeline": {
                                "referenceName": "pipeline_transform_data",
                                "type": "PipelineReference"
                            },
                            "waitOnCompletion": true,
                            "parameters": {
                                "p_transform_window_end_date": {
                                    "value": "@pipeline().parameters.p_process_window_end_date",
                                    "type": "Expression"
                                }
                            }
                        }
                    }
                ],
                "policy": {
                    "elapsedTimeMetric": {},
                    "cancelAfter": {}
                },
                "parameters": {
                    "p_process_window_end_date": {
                        "type": "string"
                    }
                },
                "annotations": []
            },
            "dependsOn": [
                "[concat(variables('factoryId'), '/pipelines/pipeline_ingest_data')]",
                "[concat(variables('factoryId'), '/pipelines/pipeline_transform_data')]"
            ]
        },
        {
            "name": "[concat(parameters('factoryName'), '/pipeline_transform_data')]",
            "type": "Microsoft.DataFactory/factories/pipelines",
            "apiVersion": "2018-06-01",
            "properties": {
                "activities": [
                    {
                        "name": "Get Source Folder Details",
                        "type": "GetMetadata",
                        "dependsOn": [],
                        "policy": {
                            "timeout": "7.00:00:00",
                            "retry": 0,
                            "retryIntervalInSeconds": 30,
                            "secureOutput": false,
                            "secureInput": false
                        },
                        "userProperties": [],
                        "typeProperties": {
                            "dataset": {
                                "referenceName": "dataset_raw_folder",
                                "type": "DatasetReference",
                                "parameters": {
                                    "p_dataset_window_end_time": {
                                        "value": "@pipeline().parameters.p_transform_window_end_date",
                                        "type": "Expression"
                                    }
                                }
                            },
                            "fieldList": [
                                "exists"
                            ],
                            "storeSettings": {
                                "type": "AzureBlobFSReadSettings",
                                "recursive": true,
                                "enablePartitionDiscovery": false
                            },
                            "formatSettings": {
                                "type": "JsonReadSettings"
                            }
                        }
                    },
                    {
                        "name": "If folder exists",
                        "type": "IfCondition",
                        "dependsOn": [
                            {
                                "activity": "Get Source Folder Details",
                                "dependencyConditions": [
                                    "Succeeded"
                                ]
                            }
                        ],
                        "userProperties": [],
                        "typeProperties": {
                            "expression": {
                                "value": "@activity('Get Source Folder Details').output.exists",
                                "type": "Expression"
                            },
                            "ifTrueActivities": [
                                {
                                    "name": "Transform Race Results",
                                    "type": "DatabricksNotebook",
                                    "dependsOn": [],
                                    "policy": {
                                        "timeout": "7.00:00:00",
                                        "retry": 0,
                                        "retryIntervalInSeconds": 30,
                                        "secureOutput": false,
                                        "secureInput": false
                                    },
                                    "userProperties": [],
                                    "typeProperties": {
                                        "notebookPath": "/UDP/transformation/1.race_results",
                                        "baseParameters": {
                                            "p_file_date": {
                                                "value": "@formatDateTime(pipeline().parameters.p_transform_window_end_date,'yyyy-MM-dd')",
                                                "type": "Expression"
                                            }
                                        }
                                    },
                                    "linkedServiceName": {
                                        "referenceName": "adf_ls_databricks_ws",
                                        "type": "LinkedServiceReference"
                                    }
                                },
                                {
                                    "name": "Transform Driver Standings",
                                    "type": "DatabricksNotebook",
                                    "dependsOn": [
                                        {
                                            "activity": "Transform Race Results",
                                            "dependencyConditions": [
                                                "Succeeded"
                                            ]
                                        }
                                    ],
                                    "policy": {
                                        "timeout": "7.00:00:00",
                                        "retry": 0,
                                        "retryIntervalInSeconds": 30,
                                        "secureOutput": false,
                                        "secureInput": false
                                    },
                                    "userProperties": [],
                                    "typeProperties": {
                                        "notebookPath": "/UDP/transformation/2.driver_standings",
                                        "baseParameters": {
                                            "p_file_date": {
                                                "value": "@formatDateTime(pipeline().parameters.p_transform_window_end_date,'yyyy-MM-dd')",
                                                "type": "Expression"
                                            }
                                        }
                                    },
                                    "linkedServiceName": {
                                        "referenceName": "adf_ls_databricks_ws",
                                        "type": "LinkedServiceReference"
                                    }
                                },
                                {
                                    "name": "Transform Constructor Standings",
                                    "type": "DatabricksNotebook",
                                    "dependsOn": [
                                        {
                                            "activity": "Transform Race Results",
                                            "dependencyConditions": [
                                                "Succeeded"
                                            ]
                                        }
                                    ],
                                    "policy": {
                                        "timeout": "7.00:00:00",
                                        "retry": 0,
                                        "retryIntervalInSeconds": 30,
                                        "secureOutput": false,
                                        "secureInput": false
                                    },
                                    "userProperties": [],
                                    "typeProperties": {
                                        "notebookPath": "/UDP/transformation/3.constructor_standings",
                                        "baseParameters": {
                                            "p_file_date": {
                                                "value": "@formatDateTime(pipeline().parameters.p_transform_window_end_date,'yyyy-MM-dd')",
                                                "type": "Expression"
                                            }
                                        }
                                    },
                                    "linkedServiceName": {
                                        "referenceName": "adf_ls_databricks_ws",
                                        "type": "LinkedServiceReference"
                                    }
                                },
                                {
                                    "name": "Transform Calculated Race Results",
                                    "type": "DatabricksNotebook",
                                    "dependsOn": [],
                                    "policy": {
                                        "timeout": "7.00:00:00",
                                        "retry": 0,
                                        "retryIntervalInSeconds": 30,
                                        "secureOutput": false,
                                        "secureInput": false
                                    },
                                    "userProperties": [],
                                    "typeProperties": {
                                        "notebookPath": "/UDP/transformation/4.calculated_race_results",
                                        "baseParameters": {
                                            "p_file_date": {
                                                "value": "@formatDateTime(pipeline().parameters.p_transform_window_end_date,'yyyy-MM-dd')",
                                                "type": "Expression"
                                            }
                                        }
                                    },
                                    "linkedServiceName": {
                                        "referenceName": "adf_ls_databricks_ws",
                                        "type": "LinkedServiceReference"
                                    }
                                }
                            ]
                        }
                    }
                ],
                "policy": {
                    "elapsedTimeMetric": {},
                    "cancelAfter": {}
                },
                "parameters": {
                    "p_transform_window_end_date": {
                        "type": "string"
                    }
                },
                "variables": {
                    "v_data_source": {
                        "type": "String",
                        "defaultValue": "Ergast"
                    }
                },
                "annotations": []
            },
            "dependsOn": [
                "[concat(variables('factoryId'), '/datasets/dataset_raw_folder')]",
                "[concat(variables('factoryId'), '/linkedServices/adf_ls_databricks_ws')]"
            ]
        },
        {
            "name": "[concat(parameters('factoryName'), '/dataset_raw_folder')]",
            "type": "Microsoft.DataFactory/factories/datasets",
            "apiVersion": "2018-06-01",
            "properties": {
                "linkedServiceName": {
                    "referenceName": "adf_ls_storageaccount_UDP",
                    "type": "LinkedServiceReference"
                },
                "parameters": {
                    "p_dataset_window_end_time": {
                        "type": "string"
                    }
                },
                "annotations": [],
                "type": "Json",
                "typeProperties": {
                    "location": {
                        "type": "AzureBlobFSLocation",
                        "folderPath": {
                            "value": "@formatDateTime(dataset().p_dataset_window_end_time,'yyyy-MM-dd')",
                            "type": "Expression"
                        },
                        "fileSystem": "raw"
                    }
                },
                "schema": {}
            },
            "dependsOn": [
                "[concat(variables('factoryId'), '/linkedServices/adf_ls_storageaccount_UDP')]"
            ]
        },
        {
            "name": "[concat(parameters('factoryName'), '/adf_ls_databricks_ws')]",
            "type": "Microsoft.DataFactory/factories/linkedServices",
            "apiVersion": "2018-06-01",
            "properties": {
                "annotations": [],
                "type": "AzureDatabricks",
                "typeProperties": {
                    "domain": "https://adb-7360403101682040.0.azuredatabricks.net",
                    "authentication": "MSI",
                    "workspaceResourceId": "/subscriptions/55b7d686-7fb1-4196-ba4f-bde07b1775ad/resourceGroups/rg-udp/providers/Microsoft.Databricks/workspaces/databricks-workspace-udp",
                    "existingClusterId": "[parameters('adf_ls_databricks_ws_properties_typeProperties_existingClusterId')]"
                }
            },
            "dependsOn": []
        },
        {
            "name": "[concat(parameters('factoryName'), '/adf_ls_storageaccount_UDP')]",
            "type": "Microsoft.DataFactory/factories/linkedServices",
            "apiVersion": "2018-06-01",
            "properties": {
                "annotations": [],
                "type": "AzureBlobFS",
                "typeProperties": {
                    "url": "[parameters('adf_ls_storageaccount_UDP_properties_typeProperties_url')]",
                    "accountKey": {
                        "type": "SecureString",
                        "value": "[parameters('adf_ls_storageaccount_UDP_accountKey')]"
                    }
                }
            },
            "dependsOn": []
        },
        {
            "name": "[concat(parameters('factoryName'), '/adf_trigger_Process_UDP_data')]",
            "type": "Microsoft.DataFactory/factories/triggers",
            "apiVersion": "2018-06-01",
            "properties": {
                "annotations": [],
                "runtimeState": "Started",
                "pipeline": {
                    "pipelineReference": {
                        "referenceName": "pipeline_process_data",
                        "type": "PipelineReference"
                    },
                    "parameters": {
                        "p_process_window_end_date": "[parameters('adf_trigger_Process_UDP_data_properties_pipeline_parameters_p_process_window_end_date')]"
                    }
                },
                "type": "TumblingWindowTrigger",
                "typeProperties": {
                    "frequency": "Hour",
                    "interval": 168,
                    "startTime": "2021-03-14T22:06:00Z",
                    "endTime": "2021-04-25T22:06:00Z",
                    "delay": "00:00:00",
                    "maxConcurrency": 1,
                    "retryPolicy": {
                        "intervalInSeconds": 30
                    },
                    "dependsOn": []
                }
            },
            "dependsOn": [
                "[concat(variables('factoryId'), '/pipelines/pipeline_process_data')]"
            ]
        }
    ]
}