{
    "$schema": "https://schema.management.azure.com/schemas/2015-01-01/deploymentParameters.json#",
    "contentVersion": "1.0.0.0",
    "parameters": {
        "factoryName": {
            "value": "adf-udp"
        },
        "adf_ls_storageaccount_UDP_accountKey": {
            "value": ""
        },
        "adf_ls_databricks_ws_properties_typeProperties_existingClusterId": {
            "value": "0701-040439-w1on6mup"
        },
        "adf_ls_storageaccount_UDP_properties_typeProperties_url": {
            "value": "https://storageaccountudp.dfs.core.windows.net/"
        },
        "adf_trigger_Process_UDP_data_properties_pipeline_parameters_p_process_window_end_date": {
            "value": "@trigger().outputs.windowEndTime"
        }
    }
}