{
    "$schema": "http://schema.management.azure.com/schemas/2015-01-01/deploymentTemplate.json#",
    "contentVersion": "1.0.0.0",
    "parameters": {
        "factoryName": {
            "type": "string",
            "metadata": "Data Factory name",
            "defaultValue": "adf-udp"
        },
        "adf_ls_storageaccount_UDP_accountKey": {
            "type": "secureString",
            "metadata": "Secure string for 'accountKey' of 'adf_ls_storageaccount_UDP'"
        },
        "adf_ls_databricks_ws_properties_typeProperties_existingClusterId": {
            "type": "string",
            "defaultValue": "0701-040439-w1on6mup"
        },
        "adf_ls_storageaccount_UDP_properties_typeProperties_url": {
            "type": "string",
            "defaultValue": "https://storageaccountudp.dfs.core.windows.net/"
        },
        "adf_trigger_Process_UDP_data_properties_pipeline_parameters_p_process_window_end_date": {
            "type": "string",
            "defaultValue": "@trigger().outputs.windowEndTime"
        },
        "containerUri": {
            "type": "string",
            "metadata": "URI to storage account containing linked ARM templates"
        },
        "containerSasToken": {
            "type": "string",
            "metadata": "Sas token to storage account containing linked ARM templates"
        }
    },
    "variables": {
        "factoryId": "[concat('Microsoft.DataFactory/factories/', parameters('factoryName'))]"
    },
    "resources": [
        {
            "name": "adf-udp_ArmTemplate_0",
            "type": "Microsoft.Resources/deployments",
            "apiVersion": "2018-02-01",
            "properties": {
                "mode": "incremental",
                "templateLink": {
                    "uri": "[concat(parameters('containerUri'), '/ArmTemplate_0.json', parameters('containerSasToken'))]",
                    "contentVersion": "1.0.0.0"
                },
                "parameters": {
                    "factoryName": {
                        "value": "[parameters('factoryName')]"
                    },
                    "adf_ls_storageaccount_UDP_accountKey": {
                        "value": "[parameters('adf_ls_storageaccount_UDP_accountKey')]"
                    },
                    "adf_ls_databricks_ws_properties_typeProperties_existingClusterId": {
                        "value": "[parameters('adf_ls_databricks_ws_properties_typeProperties_existingClusterId')]"
                    },
                    "adf_ls_storageaccount_UDP_properties_typeProperties_url": {
                        "value": "[parameters('adf_ls_storageaccount_UDP_properties_typeProperties_url')]"
                    },
                    "adf_trigger_Process_UDP_data_properties_pipeline_parameters_p_process_window_end_date": {
                        "value": "[parameters('adf_trigger_Process_UDP_data_properties_pipeline_parameters_p_process_window_end_date')]"
                    }
                }
            },
            "dependsOn": []
        }
    ]
}